{
    "last_scrape_time": 1720849717.7879395,
    "next_scrape_time": 1720853317.7879395,
    "reels_scraped": [
        "lowballs97_3409908656970751092",
        "lowballs97_3409833164523471887",
        "lowballs97_3409831454816184509",
        "lowballs97_3409829432472731518",
        "lowballs97_3409769871637288699"
    ],
    "last_upload_time": 1720850445.01796,
    "next_upload_time": 1720850745.01796,
    "last_story_upload_time": 1720850445.01796,
    "next_story_upload_time": 1720850745.01796,
    "last_delete_time": null
}